,predictions
0,11.12337529063367
1,11.669591417088077
2,11.609582570153512
3,13.989220908870786
4,17.39450285090977
5,15.592310131959426
6,11.033930001843903
7,15.833306554166384
8,13.609036962105733
9,11.623097173384108
10,14.192418291641529
11,11.212442431967304
12,12.295310374224476
13,15.145654914959609
14,13.05511313836697
15,13.691839935915935
16,7.351727683322688
17,11.262084689107201
18,9.321913866507614
19,8.905266344550236
20,10.609980165276005
21,9.047531841419346
22,10.567873264270135
23,11.986441834439868
24,17.265147399442213
25,10.700153360893893
26,10.776970933911093
27,10.878241339049076
28,9.099432303533126
29,13.04560098411341
30,9.363349722604346
31,15.70613776233876
32,12.176209025906543
33,13.331458436319423
34,12.842121741544457
35,11.327862728060396
36,15.850814928941205
37,9.900729030218791
38,9.234345787173277
39,10.551935126884135
40,11.202716096356422
41,14.218086265596613
42,14.137221351390966
43,10.434280231567124
44,7.740641258682398
45,14.233308631566139
46,12.98932693651173
47,10.064209878658275
48,11.333149850365027
49,14.368711093138673
50,12.931595178930793
51,13.820531039320606
52,13.785098910457549
53,17.88540787674785
54,13.807146285077348
55,20.741109867663322
56,10.578319145899114
57,13.17379312739908
58,8.86537115850966
59,7.033064518193672
60,11.406811217408075
61,11.915461917350699
62,14.57795704966735
63,17.624986869375544
64,9.37947378647276
65,16.806977605829058
66,12.904741239338254
67,11.609366680036496
68,11.698471955080585
69,10.89371588548186
70,6.997350290093592
71,11.429883756235222
72,16.20123407123946
73,9.313393414582746
74,24.66608617772854
75,11.423685971423286
76,14.425815856616985
77,12.21004437225654
78,12.693875102017236
79,13.417366218850237
80,18.466112458042936
81,14.350019912308696
82,14.198730300054132
83,12.119243423224036
84,14.802140464896725
85,12.770008823414814
86,11.811372218206317
87,7.873465650816907
88,14.458154728283473
89,10.585598724718544
90,12.585475953911278
91,11.369834735512125
92,19.306069773444733
93,8.591904510736395
94,9.322381026592447
95,12.480499014283566
96,9.289750948706539
97,11.28606214410674
98,9.904464154452858
99,12.492160762333187
100,8.384252900451694
101,8.580183722994276
102,13.056882991458027
103,13.03178346424371
104,15.736817766378802
105,8.470597153890283
106,16.6231254627248
107,11.576984952526926
108,9.232068388993884
109,13.583570013119779
110,14.37796959466275
111,12.875021101701455
112,10.258930196979621
113,13.51589396405372
114,7.507203573906708
115,12.371345431709551
116,9.00290343902427
117,17.774768625698055
118,11.813543615368976
119,11.813543615368976
120,14.430054679692205
121,11.817980342247806
122,14.361069301193846
123,14.252954885881325
124,9.637520010965975
125,17.641527380260076
126,11.866855907654333
127,8.741618467562077
128,9.560219318365398
129,10.513305683026934
130,15.45035087765127
131,10.44446797452845
132,12.695386216930038
133,10.187895544533584
134,8.869487726953242
135,12.984598115078192
136,13.704508435835587
137,11.942513123139454
138,9.403700740401755
139,11.052585488108102
140,11.438243870469808
141,11.925538650724109
142,15.134173172094467
143,13.007154992072387
144,12.409339922869396
145,11.05758929991763
146,25.559600122131826
147,8.430866755099581
148,9.104744181623742
149,12.572021789181775
150,7.587720988345814
151,16.620061075487577
152,11.559093902509963
153,11.949300245783943
154,17.14533527778453
155,22.680128184412787
156,14.257117901543308
157,13.401521051702618
158,14.74176826273066
159,8.717896253258449
160,12.691842951960158
161,9.334914797669498
162,11.339827164247424
163,13.762640693281833
164,15.187917175294658
165,10.720756326579503
166,8.322773144038841
167,10.906299604378452
168,12.291728793647012
169,8.169998074583383
170,13.231114248839388
171,12.32775485147964
172,11.207842373518876
173,11.406177328458217
174,9.222381976437523
175,18.471392234971717
176,11.835209539534285
177,9.36840439249265
178,11.91879843895734
179,14.639481035752471
180,17.399580340652097
181,15.019210934177151
182,12.271456036163933
183,12.940405241274723
184,13.86216627295744
185,11.219456383604001
186,12.400620032554597
187,12.570195794460533
188,11.223152242425316
189,8.79295753435171
190,11.66512494174876
191,15.05397418594544
192,14.605985752190048
193,7.473888867966253
194,7.839982991160307
195,10.930649812082281
196,9.944488416428282
197,10.632101422206327
198,11.880534006812082
199,14.467009052334035
200,11.8413886439554
201,11.679836191090377
202,9.582711646093122
203,15.157178064078769
204,11.623822069892368
205,13.996726670391316
206,19.017345270083343
207,16.904722600618765
208,12.384771551179456
209,17.400969527301548
210,10.514091449185774
211,14.33736934493934
212,12.271456036163933
213,11.415280628181593
214,10.728363605182501
215,13.620363625719731
216,11.558861208561979
217,15.31672349503199
218,11.83459689577877
219,10.572666210864538
220,17.02246007383984
221,10.542713739612887
222,11.560863856868636
223,13.05522022782469
224,11.301587076331666
225,15.280290151995361
226,10.101491400062926
227,21.474350121693238
228,11.281238317280435
229,20.67637673779117
230,17.19252761012957
231,14.541305142499908
232,13.466951357865408
233,11.706440577743479
234,9.082948175933215
235,12.724388210459127
236,7.393269670159347
237,15.297180832799757
238,9.979686285225062
239,11.941384966667055
240,14.607680675685758
241,12.53026129212096
242,16.212434327633392
243,8.238348394948313
244,11.350625588742863
245,17.8632511795217
246,13.227614276294476
247,16.40269720248302
248,9.600697659463961
249,12.182177336235865
250,12.32913088633076
251,13.675582670923285
252,13.686387692612492
253,8.330370244277027
254,11.307734772893516
255,11.359330508892798
256,9.732654110228452
257,12.880275932444027
258,17.921425402452094
259,14.939501018966652
260,12.13509488861598
261,11.48315084351027
262,10.387709374050123
263,15.640765525828172
264,11.224272112186634
265,14.768558080738194
266,14.673758601325936
267,18.098791119166144
268,11.915424140484573
269,14.389331815480885
270,10.760791689666886
271,10.61929758765052
272,9.268155616001728
273,12.803188386014899
274,12.107221398489127
275,11.265413099482243
276,15.427916956941198
277,17.697504289184806
278,20.918159030624917
279,15.020768807601709
280,15.572649301334634
281,11.35466215778538
282,9.976848232705484
283,13.316776671925627
284,7.513370728058292
285,9.71076254162074
286,16.356877091096095
287,13.620158218463894
288,15.679253485373057
289,10.088379564847497
290,11.727196171835153
291,12.45816704410876
292,14.760921099862177
293,14.310027867940605
294,11.832921568287649
295,9.090526492988642
296,16.304652057729328
297,8.482371698041801
298,10.826970534260578
299,12.215069124145037
300,10.9084926861146
301,11.197068957601443
302,10.833817170822439
303,15.954957944386567
304,12.41287682212911
305,12.437624274916365
306,11.309566726876263
307,17.248854585473165
308,11.233737173727
309,19.775889528884594
310,11.773377835689422
311,13.201297137029016
312,11.909672921396991
313,12.589861646862172
314,11.648803377427916
315,10.372218478567765
316,14.39233182947074
317,13.991461135857291
318,12.035013649945418
319,10.500104230632898
320,12.281580472506807
321,8.839189893548472
322,12.325071768129478
323,10.633102540847876
324,20.462512109431625
325,15.345527268063766
326,16.056747355382736
327,12.032583691808975
328,17.191781226078156
329,12.477968993875756
330,9.174152221579147
331,16.100914252818484
332,11.287331155248813
333,9.594315543549081
334,16.10560788246518
335,7.232342535127551
336,10.694405090743524
337,10.568786923848446
338,11.240039932599649
339,14.447720725281552
340,12.075166445554041
341,11.98531838364534
342,10.721933344326803
343,15.61591325740669
344,17.066268735164023
345,12.929236212287938
346,11.09593209671526
347,11.149124590272827
348,13.67334691610649
349,14.52757078517407
350,10.979698562153887
351,14.885168226736116
352,8.108765174107907
353,15.015503633870459
354,9.73390363973568
355,11.27198426540123
356,9.974803374551811
357,10.927106065617085
358,13.91733414457718
359,15.370907412992134
360,13.35139345588188
361,13.54321846146337
362,11.825199154304343
363,12.29731096951022
364,17.44479177361826
365,11.563457415916407
366,14.030723147936186
367,11.52146602840697
368,21.039137934726767
369,12.053678682664456
370,15.675384275716254
371,14.186068939946551
372,13.044454419379527
373,12.317021536317112
374,11.95463244053225
375,13.582005388266305
376,15.526587791917127
377,10.866975934640264
378,16.839762181452365
379,9.818107934601993
380,15.03787258194474
381,10.626026548201834
382,11.286202518678275
383,10.199497440387963
384,9.434366664370168
385,14.797952305310183
386,12.5352174118582
387,9.656328982711813
388,16.370027242960973
389,10.666740189307362
390,11.791574521513851
391,15.289147727837644
392,22.490007417499758
393,14.175321460687226
394,10.134229891355702
395,11.441595531608494
396,13.938882087394452
397,11.096051666571544
398,11.712377305089102
399,12.183901468339236
400,13.530011134661292
401,11.249040579086552
402,14.73469159309435
403,10.594464378161168
404,11.066916150293205
405,13.65002184323272
406,15.104828939352998
407,13.199674714643567
408,10.947575820538823
409,12.568499437806206
410,16.705988128041035
411,12.943950336508074
412,9.818114030943148
413,16.139513562760023
414,12.474855792673846
415,12.514028753850612
416,10.15631346320956
417,11.634395388628286
418,9.426183755027038
419,7.2853806013345395
420,11.264139601458155
421,12.176506158801685
422,14.311187227991883
423,16.319584323587456
424,11.910219677736844
425,10.29734313364803
426,10.487636913395395
427,11.290477815664419
428,13.54832784679741
429,10.69102071632812
430,12.761265980264836
431,12.767383592867782
432,12.475490516537247
433,16.781202444832896
434,10.434648890039487
435,17.94497679697111
436,12.194022593586554
437,12.194022593586554
438,11.013688758562118
439,14.988536230714718
440,13.008631030699247
441,19.13178982922079
442,11.327537343752484
443,12.67567579757679
444,16.255173346444497
445,12.259208954465748
446,12.054205255720301
447,10.68289310713569
448,10.621620977110855
449,14.892364650107696
450,7.870666387886599
451,7.839834820390931
452,26.435882969797337
453,13.238485221220085
454,17.985059744989933
455,8.549717217299422
456,11.999184369364421
457,12.728154769616996
458,10.732747729493076
459,9.112558686230447
460,12.648708493338908
461,7.075706728268027
462,16.105274966935045
463,10.693814500885077
464,11.798088050647086
465,10.609561850053554
466,7.229604807467042
467,8.384252900451694
468,13.172925795733923
469,12.095902156924492
470,10.752684576202336
471,10.752684576202336
472,9.177925817295156
473,11.993684359380401
474,12.810289993694052
475,9.231659691999814
476,14.33681599875566
477,19.463241604330328
478,14.571401518573873
479,11.301913859233428
480,12.383467184916617
481,16.09694749334576
482,13.476657606167471
483,12.470661128709907
484,16.347914626803828
485,8.629014790256791
486,14.209856548332885
487,7.908342670085834
488,10.227422349012171
489,12.508678444495004
490,13.008684792858505
491,20.163883656979014
492,13.585883235424063
493,13.621607040172087
494,12.399567411630722
495,9.846561239100689
496,13.102459843584956
497,10.403691690045926
498,10.915282164252643
499,14.153416445137607
500,14.454178039855321
501,15.224175003276736
502,11.691918467296752
503,10.721933344326803
504,13.659676875822539
505,11.135571258862262
506,11.135571258862262
507,15.3278075815698
508,12.353574378992016
509,11.378749507842354
510,11.707867403001805
511,11.828149163012657
512,10.953664207590343
513,21.709204463510574
514,11.327625047182815
515,11.3578775002998
516,12.314941550341834
517,14.74459293636311
518,11.663460642247381
519,14.98893821895161
520,10.304297660334884
521,12.982918678446238
522,7.98115500921417
523,8.447592330461726
524,9.216966867898742
525,8.568776511858902
526,7.784192393726863
527,11.863757927383055
528,12.22488819261594
529,12.370862315922418
530,12.648569442430093
531,10.972026284682203
532,13.026490757737804
533,9.516007922342498
534,12.115910271899647
535,13.556102448307934
536,12.778784411160538
537,10.713756064279668
538,7.164756872680237
539,11.961057214376995
540,8.834181542861955
541,10.563031771026816
542,14.4125654756464
543,13.639944085499186
544,15.767643372838933
545,11.867209529297897
546,19.083088293783447
547,7.467350202771499
548,9.179403007262035
549,9.159300941036205
550,11.008437305268549
551,11.891211941035017
552,11.289240100127959
553,12.592628383858758
554,18.138941443757503
555,15.125673097363212
556,12.983525621334389
557,13.716088787908534
558,13.664239962352795
559,10.252123628489688
560,14.672224141955986
561,7.544610093657814
562,15.025653925955956
563,10.291215900204959
564,13.115985771741379
565,7.536652610604712
566,16.80691766616432
567,13.502924940937744
568,12.22152634944717
569,14.417567926793332
570,12.843828563145722
571,10.845818552832275
572,17.938140557332936
573,12.473600744267202
574,15.110039630751603
575,13.383044379857685
576,10.26589723661917
577,10.324602450997103
578,11.053094167695292
579,11.71856062851221
580,11.613941154351705
581,13.9598560406709
582,11.426860049587015
583,13.147342801799883
584,9.366234973450975
585,10.389915415241461
586,9.92126120695141
587,12.226642256717358
588,10.168592255260549
589,14.563695653659295
590,16.144173239853668
591,7.807219889613091
592,6.900532124602733
593,14.416279968662018
594,11.982731258753413
595,9.74392363669052
596,11.96837069912614
597,9.655161203187458
598,6.730882271072654
599,15.201206510288708
600,15.40685554251913
601,10.069503899952265
602,17.63846157715083
603,17.63846157715083
604,11.56507687824358
605,12.538112586454512
606,16.631566488644488
607,10.60923192397712
608,14.89494216277818
609,15.703139521296158
610,9.84494561674281
611,13.06973249670194
612,10.858895493700768
613,14.954816224788022
614,12.42325827499389
615,11.509047160705459
616,16.961433926438417
617,8.464730166055668
618,14.188497036621152
619,13.386972113175126
620,14.335874160648922
621,11.208271674632012
622,10.52645926974148
623,11.917861493943938
624,14.86077841814914
625,12.634791709617723
626,12.25065787978177
627,7.654501698451555
628,8.79327347993744
629,14.00151872863115
630,12.738703441414735
631,10.73372869744723
632,19.46910992369254
633,9.629462740705476
634,14.553366120540314
635,13.648752898390152
636,8.657860132505506
637,18.88130882586325
638,12.576595562760714
639,9.329608849269995
640,11.10212459156363
641,11.272560714282495
642,8.887468593914852
643,6.601394958887649
644,11.858479684277311
645,12.367828975506578
646,9.301706315271463
647,12.066054736242817
648,15.55395182929021
649,14.446251589913231
650,13.198473814163508
651,17.02797632657729
652,11.741145016668876
653,9.913457537461829
654,14.77938002563212
655,9.65814237217457
656,10.51201889085547
657,9.25576391312588
658,10.873743465888625
659,11.53890090874737
660,10.732623170657547
661,11.833067124442561
662,14.198902276872095
663,8.110135014033881
664,16.527107563743076
665,12.509514525133769
666,9.170992403015882
667,11.561019353850732
668,18.39767290393642
669,9.403317024072232
670,10.177652350883323
671,12.82021065933052
672,10.872696543253909
673,11.128277929143778
674,10.864581862659778
675,10.867477978954316
676,12.686057967055188
677,15.24003171405911
678,16.119391398269112
679,12.188247680283059
680,16.216275073525875
681,12.953175830987638
682,13.873739846208082
683,15.108058980513261
684,8.680179708947433
685,12.277913649349125
686,16.46080936172295
687,16.783302288300735
688,10.693114588910289
689,12.042780515385594
690,14.500100533441131
691,13.7707814655151
692,14.163108932129662
693,12.189533533910692
694,9.447673627994764
695,12.015198660869054
696,9.519001056203992
697,12.037819531246752
698,12.944790457696358
699,11.48405404304299
700,11.064640745599855
701,12.452546408122215
702,14.107521948171469
703,10.78657343458514
704,12.998557925928308
705,15.730339989255594
706,14.328797538017477
707,13.842340323392893
708,14.442801172321566
709,14.430355472790543
710,10.104021274514654
711,12.936683081706882
712,10.76502487843304
713,12.690808990337654
714,15.315360277253518
715,10.962749730400182
716,8.472171336533126
717,16.335621570231876
718,10.517332359457955
719,17.40184093055209
720,17.458858785922068
721,15.201109428435897
722,12.847905817988856
723,11.069356395110022
724,16.68061725143903
725,13.313587050138366
726,19.929709004568192
727,16.48536398586099
728,15.612063941981043
729,8.57218397210696
730,12.127403166180653
731,10.772407372085654
732,9.147776903431145
733,15.912936981813523
734,10.655584249661224
735,11.547950528804291
736,8.658569777365331
737,10.342099262560193
738,7.930846620916693
739,15.74370311677695
740,9.39760296483792
741,9.77219946581717
742,11.630162417311805
743,12.585835299099013
744,16.857541534645534
745,16.857541534645534
746,14.902787542407658
747,14.902787542407658
748,16.012202621233868
749,12.529444741296736
750,11.909542682500007
751,12.322320270792728
752,11.401867414823254
753,16.23944170648152
754,7.709831408505203
755,9.13809443589257
756,13.24973061821768
757,10.402910031334608
758,11.627974433432392
759,11.892647224491405
760,9.701132261662828
761,10.308007919012317
762,16.608865206931835
763,9.201432090341324
764,13.445018864029104
765,17.054900738742244
766,10.70724083471645
767,12.25329248585396
768,18.864304936801773
769,14.138828193445118
770,13.68958198888668
771,10.94130003365827
772,8.68421044298834
773,8.68421044298834
774,18.200025120818417
775,8.931930100612874
776,10.381569461166785
777,13.842182535422825
778,11.658355401158783
779,12.382390135720499
780,14.417222105851819
781,11.483428813395161
782,11.437577763765388
783,12.4517116142968
784,15.123393971233666
785,14.724233142256896
786,14.057820515569206
787,20.257864227099248
788,15.038698778240201
789,9.807304117345328
790,12.984220726948369
791,14.767453354320896
792,14.954718153319213
793,11.449869623468103
794,14.604749675845742
795,9.342483960272952
796,12.258687376555566
797,10.758247766955172
798,14.146182408368826
799,8.744410110901761
800,11.221363965508763
801,12.942596294931471
802,8.80722884997255
803,14.651923932766364
804,11.793051606426634
805,9.711078706097073
806,12.668048772048348
807,14.220555298982136
808,4.197060682583346
809,11.69381532688764
810,15.771569716186294
811,9.225375886157234
812,11.753448058479497
813,10.853708546313886
814,8.992852681964642
815,13.784709096526846
816,13.784709096526846
817,8.168520414019595
818,8.632311007623805
819,12.545544586128313
820,9.16087158085838
821,9.919759351257804
822,7.948452433393111
823,11.709105959758393
824,9.48427276278573
825,13.78426052242795
826,11.841486755773055
827,10.778446565630682
828,9.782577255160712
829,7.733763072849045
830,11.932657132097567
831,12.410520568727947
832,8.848783450895906
833,11.796395887345362
834,12.280007241989752
835,11.258180991931676
836,13.476998060686253
837,12.880826765955284
838,11.201825842475396
839,11.817278765020355
840,12.203679252280011
841,19.28658360128609
842,14.318309398110797
843,12.537972044126096
844,14.360157023365058
845,9.430157014109309
846,12.411825276262672
847,11.82258861286957
848,13.44762223927136
849,8.504063124864379
850,19.253203399192113
851,9.835830538382233
852,14.506073147049083
853,9.791105068383615
854,15.28172995575846
855,14.523738743072842
856,6.652233953331974
857,14.878495751821106
858,17.605260496999136
859,17.972634593043193
860,15.496241688114289
861,12.191553793777544
862,9.533763104094366
863,5.831366316708575
864,12.323157479906227
865,13.972615987272434
866,11.819520186205038
867,15.205865069945974
868,9.005816262618325
869,12.684786852892392
870,12.151784505247273
871,14.336569892981576
872,14.3271727651144
873,12.358542777964873
874,11.768961905992613
875,9.035842244620198
876,9.948593124926035
877,5.027614944497562
878,11.799633459037542
879,12.244974232602596
880,9.318474239902708
881,13.319276307784643
882,12.57419215133935
883,11.49436393177392
884,11.819658753475961
885,11.99708931338694
886,12.019142314829287
887,7.933799749744636
888,13.370379650359935
889,13.552555124526434
890,11.7416693545843
891,14.679855371537709
892,18.10252393196764
893,8.799167076267748
894,10.772501175267438
895,14.344379554179104
896,10.93871356582205
897,18.101293362972232
898,15.973618843921411
899,11.567794148317471
900,14.782112952854481
901,10.697761309048445
902,11.73618388278347
903,9.62839777622926
904,11.547950528804291
905,12.186817648637232
906,15.429384539087675
907,16.347399555649588
908,15.181534034208115
909,9.657903104244701
910,8.504429569435114
911,12.701752197696058
912,13.02092035470297
913,11.198762768210445
914,11.776155597578029
915,13.849593473124887
916,14.369498398186732
917,9.034842326535935
918,9.034842326535935
919,12.933787438840037
920,12.124347301267905
921,9.102279445606603
922,14.224895070590168
923,15.599596447970077
924,12.136364433701647
925,12.67630829304206
926,10.019479988301809
927,10.019479988301809
928,13.219133089962861
929,21.22603294992754
930,15.284278882827866
931,11.745260707674724
932,11.739155847859722
933,12.461389136913061
934,11.722214577429215
935,13.162408684249955
936,8.284855850685867
937,13.533392490621695
938,13.702143677704806
939,17.953077428869605
940,12.418675507616326
941,13.5415496621421
942,10.777229908740614
943,11.402501084131412
944,12.200687826642039
945,9.71208146865827
946,14.857176307136644
947,13.021125059162635
948,10.125793456293158
949,12.270034986668447
950,14.643814996316415
951,14.547751355750968
952,16.248627854959263
953,10.584017009385203
954,16.380117516173165
955,8.2031932182111
956,15.723145487377801
957,13.147792460494442
958,9.6642312158135
959,12.73257578928381
960,17.054016780020703
961,13.035312887136046
962,8.281972050661654
963,8.197636581201126
964,16.62060924702879
965,13.397819463212365
966,20.204106899319164
967,11.239526359959797
968,8.672671386140136
969,11.184387231183033
970,10.034468530303101
971,10.963312999038871
972,15.109460379678016
973,10.027432193620713
974,16.765906047144995
975,12.586315401655002
976,19.9866394841226
977,15.33441425845124
978,9.929820137057078
979,13.938249429179136
980,17.34836573018955
981,12.656621178631886
982,9.208583187415533
983,13.817831321493196
984,12.099930573850871
985,14.698845892640954
986,10.78774880534937
987,11.168047148682312
988,11.317045836154808
989,11.885923127293442
990,10.691053064788989
991,10.839852665264361
992,13.028698730737846
993,14.36732674698137
994,9.620934924363779
995,16.857947974190846
996,11.274719873437736
997,14.573207713085669
998,11.940316272041292
999,17.905352768824166
1000,10.480219120498454
1001,13.083550444955621
1002,14.076377916345594
1003,10.520645504594649
1004,18.442682677462663
1005,10.540640538214307
1006,9.630988182543701
1007,8.872588633964128
1008,8.596877086865117
1009,13.55173090861377
1010,7.5706328360955295
1011,10.964372166500146
1012,16.593063278526206
1013,12.39600930493297
1014,11.181284412736527
1015,11.811372218206317
1016,7.790838989236269
1017,11.985539563925704
1018,10.777533465201556
1019,11.674617375223827
1020,13.944634640655817
1021,11.523298491516694
1022,10.039485551054408
1023,13.405825223654476
1024,11.976801673328007
1025,9.927307373998053
1026,10.052570248285582
1027,14.979079491715126
1028,10.390850471888747
1029,10.668724690794987
1030,12.926330080765128
1031,12.479133872850992
1032,15.002026536802905
1033,11.531967619644801
1034,11.331824757739456
1035,15.80361745534211
1036,16.030391893672558
1037,12.76611551116807
1038,8.827465081414662
1039,13.697097176345407
1040,13.868189716670411
1041,13.255063754749465
1042,9.983803359005197
1043,9.336609714108127
1044,10.367521559591292
1045,8.563520494524397
1046,11.152805825521503
1047,15.861556453480537
1048,20.859149017324427
1049,8.817319205547063
1050,8.865167155196035
1051,13.997888076742658
1052,12.661448534697342
1053,10.186852733243803
1054,10.785083886548547
1055,8.64987745258629
1056,14.831399289842832
1057,12.62983809113232
1058,11.376389484319557
1059,11.858604219550333
1060,12.257650370956764
1061,9.103280277419408
1062,12.49059126386769
1063,14.466101796792103
1064,11.964164309041154
1065,11.37095965181606
1066,9.358489640440744
1067,14.55377479776917
1068,11.646787522833701
1069,13.525305899604328
1070,13.31151798936423
1071,10.529704008259593
1072,13.951998526948728
1073,10.124955285952806
1074,10.615653210728464
1075,10.426495923489329
1076,18.940286756769517
1077,13.389320700045339
1078,12.017024773571816
1079,11.652562229048357
1080,10.700889379750944
1081,16.373085106435003
1082,9.926853761389063
1083,12.17789983881203
1084,22.024257480995427
1085,13.233389991661639
1086,9.497957140332526
1087,13.073785547328066
1088,11.291250400536162
1089,8.72361663828497
1090,11.499766552051607
1091,10.248967907547101
1092,8.365611763685617
1093,15.025761845837797
1094,17.059406014026543
1095,9.191798832262151
1096,10.234907802387497
1097,11.533607947663295
1098,15.166056858076006
1099,13.730747566743688
1100,11.016310055628901
1101,14.71300756233969
1102,12.40788479158515
1103,10.61908428306352
1104,15.928560997326542
1105,15.80121904018529
1106,9.166576108874587
1107,14.707666753842771
1108,10.992840531496823
1109,17.79143816756502
1110,8.881156979552697
1111,10.411832805189324
1112,6.616701527644036
1113,7.388033466346559
1114,13.78163816224882
1115,13.088141603993654
1116,9.07676044384157
1117,10.45525202391603
1118,12.067561715689793
1119,12.935862051374132
1120,9.834940022006013
1121,8.727280738377099
1122,11.10287765231645
1123,13.284603958301933
1124,11.478626671331751
1125,10.718569776595182
1126,8.651292636520427
1127,12.005258387548057
1128,12.005258387548057
1129,14.017605612464362
1130,12.263483412645234
1131,14.911285217476859
1132,7.381379536704521
1133,11.564848562297062
1134,12.447314264828318
1135,11.412997014556185
1136,10.465318529161355
1137,11.437117680817408
1138,13.198232484357142
1139,13.16149072418352
1140,17.34149445558375
1141,17.751371070106508
1142,11.724762482392096
1143,12.118564320616763
1144,13.400454303910879
1145,10.542144410128758
1146,16.189274137483117
1147,12.828374295092845
1148,13.147342801799883
1149,12.899132449924615
1150,16.331990730577
1151,10.51201889085547
1152,12.957322463046014
1153,13.684174949808712
1154,15.274736884127675
1155,13.093303293463254
1156,9.391050429860845
1157,14.06019770866228
1158,10.300877361738095
1159,11.906437672724222
1160,12.087838965471532
1161,10.71697158399747
1162,16.077103914962237
1163,12.41689514761221
1164,13.284500390467185
1165,8.635827844745833
1166,12.576595562760714
1167,17.492645626080872
1168,10.805862593657478
1169,12.16083734799894
1170,18.472494250748884
1171,11.611997186440577
1172,13.405818448400574
1173,13.535800341302533
1174,12.786517456539416
1175,15.538239395630818
1176,12.1580207712863
1177,21.743629167976103
1178,12.421712256173299
1179,14.892233311014438
1180,12.855939653647157
1181,13.251431737804138
1182,15.814028841726813
1183,14.016193894781235
1184,9.48016252931893
1185,9.537685179730161
1186,14.073027167728545
1187,11.752903443864842
1188,13.48236095854776
1189,9.132720582235757
1190,7.181559674350189
1191,15.123064491388257
1192,12.647911896864871
1193,12.647911896864871
1194,10.53086420142501
1195,12.51802792196432
1196,8.310110708079455
1197,11.858969285293362
1198,10.262401403850856
1199,6.2509703075311185
1200,14.856494544881754
1201,15.365343407005868
1202,14.752849127053043
1203,13.354322115594261
1204,14.459586837119405
1205,9.585006562160567
1206,12.861998859805977
1207,14.088127897394985
1208,14.828873549162042
1209,15.96013271897271
1210,13.252117806293999
1211,9.719577712642048
1212,11.093734924994257
1213,12.12356464256111
1214,8.631556398099136
1215,21.65589500967334
1216,8.098857166247829
1217,12.360664474002785
1218,13.364908902491146
1219,9.819428104274325
1220,13.754418893319258
1221,12.130219954970926
1222,14.5831354039259
1223,12.000410984649601
1224,12.26258997392106
1225,12.707312492459275
1226,10.928764268544894
1227,19.576237710971267
1228,10.831504018399368
1229,11.610155312648116
1230,7.40643992517639
1231,11.374083047288503
1232,10.78092952110186
1233,10.689927723308347
1234,12.179702321042903
1235,13.21755292859263
1236,13.928268378117368
1237,13.29997637479229
1238,18.204320199112683
1239,13.636909646700003
1240,12.558409793634276
1241,13.291517952235157
1242,15.161767874143868
1243,12.027659974418821
1244,17.87665733592315
1245,11.483571473301916
1246,20.09238884179193
1247,15.324323442814325
1248,14.89045110473776
1249,11.488038608032866
1250,15.960600966568757
1251,16.667596311859917
1252,10.386274536596465
1253,10.32971988473473
1254,17.17793619654996
1255,8.197705130053713
1256,14.660248054457062
1257,7.618346262018519
1258,9.13198812113592
1259,15.271550857441282
1260,14.599606192756218
1261,15.48659599221994
1262,12.376530951886998
1263,12.376530951886998
1264,13.421176984990419
1265,9.251677375255278
1266,11.627426916953247
1267,19.97652584149264
1268,14.060878927334066
1269,14.800414236929486
1270,10.006206617792873
1271,13.908820317501988
1272,11.285477942072946
1273,11.820083488872534
1274,11.018852859667923
1275,12.815375111824348
1276,16.306892554845454
1277,11.832870921594168
1278,11.586071178873295
1279,15.014515057327893
1280,11.05904815427925
1281,14.875096223137737
1282,17.68675116531922
1283,10.907189914197989
1284,7.84004681125741
1285,8.941061982157478
1286,11.618000688405004
1287,19.95581696643436
1288,12.277450380168052
1289,7.789557024887825
1290,6.820664001603651
1291,9.067418204149092
1292,14.058412649952926
1293,17.477221009298738
1294,9.40949192409339
1295,12.663139256889428
1296,9.733911831108204
1297,8.418242605010635
1298,15.336988044465784
1299,15.722964507081919
1300,10.564904103255776
1301,10.205998557879827
1302,14.522011587742595
1303,14.01803885434354
1304,10.770901914076592
1305,12.369845203730703
1306,19.159369795827764
1307,14.203178473795896
1308,12.588924522422225
1309,17.516882859962436
1310,13.59371185709261
1311,13.884156593808562
1312,13.539280490164378
1313,10.705471266664013
1314,15.343203041419413
1315,12.708164601118082
1316,14.240749605509897
1317,10.59987856951349
1318,13.335922221540931
1319,8.85631994614123
1320,9.321569049487946
1321,13.035251458840367
1322,12.226320992086334
1323,18.083005974194094
1324,19.319084801924742
1325,12.341433190624116
1326,9.938592632796016
1327,10.587200278354645
1328,11.549194259640863
1329,15.897134763319652
1330,8.542976983141845
1331,10.072564360516472
1332,14.19816754485308
1333,13.419842890957952
1334,11.027348993890994
1335,9.343061214350778
1336,9.40765534500136
1337,9.714266127211266
1338,19.052084992366627
1339,14.177605364676126
1340,20.909611251024227
1341,7.975235457571504
1342,14.826967435605278
1343,11.797335404926061
1344,12.899132449924615
1345,23.067450922214963
1346,8.027140490336954
1347,10.488681142057775
1348,21.216666468647286
1349,12.516121985467306
1350,9.150486468883823
1351,17.51511789097461
1352,9.355187687277786
1353,14.057095474829218
1354,13.784215712917106
1355,17.150193109580183
1356,16.462612610747872
1357,14.138289910591336
1358,18.137804561408334
1359,9.353728798401542
1360,19.316974917797825
1361,13.378641497661057
1362,12.053439700645619
1363,16.179521425116455
1364,10.781420760385569
1365,13.031652606977339
1366,17.296159513764646
1367,14.474667663657204
1368,13.483793461321815
1369,12.152597396983271
1370,15.65600472926592
1371,7.6371499036070185
1372,15.924974142950497
1373,8.3350485567834
1374,14.137483510417573
1375,10.519149864959546
1376,11.629139260316116
1377,10.091444907133484
1378,13.232339411079884
1379,19.082873945414104
1380,16.817934795274248
1381,11.770036957890467
1382,11.369619817679968
1383,9.856201227265812
1384,15.198425641860172
1385,10.431542633282376
1386,11.840449350042212
1387,12.837577727236349
1388,10.731696020716887
1389,16.744021361611527
1390,7.753479336386187
1391,12.687263009258965
1392,11.758710337217257
1393,7.780729007113457
1394,14.92674028650487
1395,10.184295653466702
1396,10.839030246486354
1397,13.99825983066536
1398,12.919935851521265
1399,8.163897007369215
1400,11.093248589821522
1401,16.8532591659087
1402,12.062234828462504
1403,9.97129515323838
1404,12.460461499657397
1405,19.233300308664113
1406,12.003447745405312
1407,13.364333033232256
1408,12.330263768303032
1409,15.372900783677359
1410,9.189360544413228
1411,9.543734283233082
1412,11.820529715662238
1413,11.362911374531947
1414,7.391139137900125
1415,10.335406700495046
1416,8.624714947996921
1417,8.174395141394506
1418,8.213320578326892
1419,8.54840870704099
1420,14.507588304985795
1421,7.221248787923614
1422,10.579065710156119
1423,12.161302985355974
1424,13.138440027568711
1425,11.500409020701627
1426,11.167765336455451
1427,7.75186747403621
1428,11.427490067897722
1429,13.014538987718444
1430,13.639944085499186
1431,9.351757258054176
1432,13.815767385324028
1433,15.162678507211462
1434,12.38279512005608
1435,12.44160957307463
1436,9.033911474027443
1437,14.974259768512818
1438,20.970431437224587
1439,12.604726205842526
1440,11.932310586820012
1441,21.96956849934055
1442,12.184719312506981
1443,13.542877442320009
1444,9.86443714988937
1445,12.137286421786417
1446,23.63211809192175
1447,13.038076493074641
1448,8.53758916097339
1449,13.765478044844503
1450,13.428384859776772
1451,14.175493734078964
1452,11.700465026711647
1453,14.745407605992373
1454,15.690596590258357
1455,11.671069915602834
1456,10.776575474030336
1457,17.048088252136374
1458,14.093676887594926
1459,14.093676887594926
1460,9.673021348345953
1461,12.664602143384114
1462,17.431453044819964
1463,14.304154322147781
1464,13.322115446688821
1465,16.39260896816576
1466,11.406239616245955
1467,10.146414376470696
1468,12.632974418563238
1469,8.348227036287906
1470,12.73724002698462
1471,12.73724002698462
1472,15.16610053387988
1473,10.593602681996746
1474,15.687539189918166
1475,15.326773355233057
1476,9.628861197379832
1477,20.437826496482483
1478,31.08215551677117
1479,11.054459399694235
1480,7.346282977335003
1481,8.36485215960357
1482,16.09947862691993
1483,10.209918308084642
1484,15.969366476612167
1485,13.89608630356409
1486,15.250536495853552
1487,14.824183277724408
1488,19.49427047015798
1489,13.885653853409382
1490,14.778565855420132
1491,13.526344568012217
1492,12.777373688020356
1493,10.733201377233874
1494,12.506893926756916
1495,11.204057045850265
1496,16.43479812075294
1497,14.88380346616789
1498,11.130866122696425
1499,18.107032786328574
1500,13.622344721066723
1501,16.91631113413575
1502,12.880713986521105
1503,14.917989809014673
1504,14.247599429672887
1505,15.339621842504735
1506,19.402648466318674
1507,12.820293137807038
1508,15.344192382903717
1509,12.972355174450525
1510,12.972355174450525
1511,15.687841926863863
1512,12.73381799429995
1513,12.563179875528906
1514,6.817376242452498
1515,16.522530757740544
1516,12.283222078752189
1517,11.52221911425589
1518,12.763739953210985
1519,11.853568704196114
1520,8.85995889600647
1521,16.07457619060941
1522,12.915248837431331
1523,10.795001995414344
1524,14.211316379237836
1525,17.74935334360876
1526,14.315239298085253
1527,9.907539962551523
1528,17.15985051758957
1529,17.15985051758957
1530,17.460010290287297
1531,14.4553799828611
1532,15.066969883050636
1533,11.982718678420083
1534,12.720752638351417
1535,13.118074941221929
1536,16.94321145606516
1537,16.875105835370476
1538,7.598228453475258
1539,11.477550032464297
1540,9.762344454967913
1541,13.03109478623436
1542,11.43067151280792
1543,8.690453190798067
1544,14.236117079526824
1545,13.992575671991862
1546,13.796464431232266
1547,9.713990273857497
1548,9.725800659417562
1549,12.183478580702479
1550,10.997776402546808
1551,8.525500345789087
1552,10.38270849440053
1553,18.460571635067048
1554,8.455732949230155
1555,16.99623228952886
1556,12.32449537029776
1557,10.295932913448903
1558,8.510999459781805
1559,8.384252900451694
1560,11.138168207626016
1561,15.649662107644883
1562,13.44641179105328
1563,15.3437154964881
1564,14.286093102141706
1565,13.289341686231587
1566,12.668635672169364
1567,9.939525324629422
1568,5.883063225220389
1569,14.995731863586938
1570,10.170489954116354
1571,9.531580891825326
1572,8.086323250588256
1573,22.278554887171644
1574,7.96778328008594
1575,15.02849759357993
1576,13.70151937720983
1577,10.768525391831982
1578,13.109575709674363
1579,16.87366790684365
1580,15.839378291675414
1581,11.347178534490352
1582,11.204006891338928
1583,16.895449562889485
1584,19.33672811371827
1585,11.085194245083315
1586,7.0314565245746445
1587,6.18671319533925
1588,9.078104172332058
1589,13.807146285077348
1590,10.913336037360308
1591,10.772921683052806
1592,16.978162313507934
1593,9.763905039950298
1594,13.672591625766431
1595,9.554537962636166
1596,14.8412093085391
1597,12.437217391512663
1598,13.131506476465404
1599,14.525434559256343
1600,12.784406761018863
1601,16.34121173419339
1602,12.3318710371442
1603,14.417367174161898
1604,14.060566620171574
1605,16.809552411573303
1606,12.61149753745099
1607,17.17512050464478
1608,19.418231613421057
1609,14.918375953572227
1610,12.731342041100008
1611,13.928074667072064
1612,12.182049589136858
1613,19.488594489293185
1614,17.72681363514655
1615,8.173162973974792
1616,10.068590261534403
1617,20.60437140106292
1618,12.451373305182862
1619,11.667504689442566
1620,11.721886505112634
1621,15.425244171293622
1622,11.399329704685506
1623,17.47836148952469
1624,14.204075647522941
1625,15.61744540962057
1626,8.880904537262719
1627,8.905037985303524
1628,12.736219504105225
1629,11.518915607786582
1630,12.464446063766037
1631,16.10368838314364
1632,13.650280266930038
1633,17.15535752815526
1634,17.117878438392268
1635,8.55603294628572
1636,13.084397779440707
1637,12.466794458128168
1638,15.434032305723408
1639,9.407960458758112
1640,13.817535442058865
1641,13.344675176092741
1642,7.274727955908816
1643,10.43556783204482
1644,15.48873095590234
1645,10.745681950914463
1646,15.142138838915155
1647,7.350244285291549
1648,15.553566435602015
1649,13.24706182051437
1650,11.827070818272885
1651,11.007597034022577
1652,11.66584404812896
1653,16.779418827707996
1654,10.445083053405314
1655,11.93803507540923
1656,12.711483996383373
1657,13.213801457524971
1658,12.595619348289098
1659,11.75945103106384
1660,18.896229493370672
1661,10.932914041817838
1662,12.73315496618146
1663,5.225683488417126
1664,14.02308010314967
1665,12.185031344413671
1666,14.596735527576714
1667,15.999416552297843
1668,13.01503357665732
1669,16.392772552490662
1670,13.065605442170728
1671,12.307032892292547
1672,12.807800572059092
1673,11.502532049024603
1674,11.282606643474676
1675,9.554670764665204
1676,10.274868729532143
1677,11.36978014591314
1678,17.913713840705714
1679,6.083148768438495
1680,11.872721918269754
1681,10.60575477870272
1682,14.846652997249665
1683,10.512924101541389
1684,10.942878865759708
1685,11.898964309516693
1686,11.303226515865564
1687,11.303226515865564
1688,9.568515460061084
1689,12.48700251877703
1690,15.976304195577468
1691,12.277193208353083
1692,11.484763595775139
1693,10.47643122206038
1694,11.37994467451792
1695,11.668196104772537
1696,16.141838084661202
1697,10.836878695534763
1698,17.364535037625107
1699,10.029676823916061
1700,13.090451165507371
1701,7.245670246129085
1702,10.813641249589839
1703,8.891431706709826
1704,10.268296198607011
1705,7.880885450202501
1706,13.95992703819318
1707,8.272331929633074
1708,16.823234465126884
1709,10.141540469828389
1710,21.976346040182225
1711,16.304098752449374
1712,10.206925816085175
1713,10.997041039126758
1714,12.023555860405894
1715,9.304218232120439
1716,9.897237298639874
1717,11.997721080519668
1718,9.9639102369716
1719,11.99602407626549
1720,16.593010230452307
1721,9.28974250453571
1722,12.035399952939104
1723,14.533303876251763
1724,19.086436907876724
1725,11.98531838364534
1726,17.233575156900557
1727,9.492416737178118
1728,20.54552856771809
1729,10.99153976287503
1730,16.404714546770002
1731,14.243772473244737
1732,12.875715461357563
1733,8.349064231307121
1734,12.084708733172357
1735,15.316060579446743
1736,15.463001601844352
1737,16.049606972258793
1738,12.888125897234204
1739,7.319737630374809
1740,15.896550170312718
1741,10.770669280922672
1742,14.30635158836876
1743,12.64578734589626
1744,13.17732082795322
1745,12.501330181178917
1746,11.360936918398696
1747,10.190968905649475
1748,14.73318630148673
1749,12.377095629320847
1750,13.46937472107593
1751,9.231910705766964
1752,14.554810220969852
1753,15.555962438421469
1754,10.211485372827113
1755,10.630977185426325
1756,9.873091593586166
1757,15.71369874041009
1758,11.939945505788193
1759,13.125658629954406
1760,11.918486988800415
1761,17.875402149216253
1762,15.296929180370254
1763,15.688220099454602
1764,11.704331577609922
1765,19.034911706442298
1766,10.964953027175973
1767,9.201511241304893
1768,16.30595284994129
1769,10.611457420244475
1770,12.158277588822326
1771,9.453478790240057
1772,10.098957782421289
1773,9.439660056506515
1774,22.85638965932623
1775,10.17127455923916
1776,9.924789998129398
1777,8.413811740278463
1778,13.55173090861377
1779,9.095507477943762
1780,15.123319728482345
1781,10.866376273365809
1782,9.384613802925628
1783,12.933436898528562
1784,13.658757649563633
1785,11.728288138190543
1786,13.847495347444985
1787,11.423725743379919
1788,12.371974181742765
1789,16.039112855411467
1790,14.36809058807396
1791,11.145848797396791
1792,8.301880263027178
1793,13.74153566921725
1794,11.770678898519053
1795,16.273633191835568
1796,11.807788707665345
1797,9.818694839183763
1798,15.418099463574015
1799,9.438569014548493
1800,12.513374900503916
1801,12.513374900503916
1802,9.9639102369716
1803,11.565204240596294
1804,16.774757953538398
1805,9.614310153259142
1806,8.540050912475602
1807,11.853730644465248
1808,7.808275370011176
1809,15.284047514026769
1810,16.232185235576388
1811,11.576828080300674
1812,14.406267812824527
1813,11.480351434466272
1814,13.315328566699922
1815,10.942593907131657
1816,15.40785302027178
1817,13.906360887721757
1818,10.793814555017843
1819,14.618709570007567
1820,11.31506501854948
1821,10.360168877575523
1822,16.618477025492002
1823,12.50183010023096
1824,12.687485064813094
1825,9.72323099533194
1826,13.231259102082626
1827,13.974508376610332
1828,13.447063810156944
1829,11.248071192817441
1830,15.028455780868052
1831,12.014081380669962
1832,11.704197084809172
1833,12.475869240679343
1834,4.8306752980234045
1835,6.53643934393535
1836,8.61970033340939
1837,11.464751128747222
1838,12.98359024015277
1839,15.26345297744739
1840,8.809047155785152
1841,12.311922826191964
1842,15.108180868162105
1843,15.42285586059311
1844,12.374097699775517
1845,11.376023538805073
1846,13.956635937215768
1847,9.305357462213264
1848,18.451570562185257
1849,24.980900364827903
1850,10.277308095537487
1851,14.292987492992497
1852,16.56205839477249
1853,11.703610638719402
1854,17.972083562732983
1855,12.076791559181533
1856,10.993138732841116
1857,15.119818375562664
1858,14.187256649641313
1859,8.262252420456354
1860,8.576352126205839
1861,10.891084979666148
1862,12.14460883639183
1863,19.59896887488862
1864,12.596705295969283
1865,12.846042237048223
1866,11.916981481414856
1867,15.626726329024734
1868,10.057383266149635
1869,15.621035111416237
1870,13.007719653396189
1871,13.392328739749455
1872,14.572662574773892
1873,12.571506572778466
1874,8.684405642579598
1875,11.706831175419115
1876,11.223152242425316
1877,15.247518079941468
1878,15.200243132654792
1879,13.013457468631374
1880,10.634074549182232
1881,11.89412011406
1882,13.353620777932656
1883,13.575919503392745
1884,12.41722664930757
1885,12.802247139145734
1886,13.015433932490847
1887,10.74014709639098
1888,10.675340129878897
1889,5.806982148059408
1890,9.385773627880214
1891,9.947392352705965
1892,20.3071122284465
1893,13.639427844057622
1894,16.000121432834494
1895,13.541081172743922
1896,10.749429472235343
1897,8.789529184992697
1898,12.175904745609294
1899,12.173273973062532
1900,13.15860996706746
1901,10.909845681984901
1902,13.728899374488392
1903,13.872798467747518
1904,16.29620502661042
1905,11.278742157007374
1906,14.842063831297194
1907,13.160854928444772
1908,13.273810438421723
1909,11.721865407704003
1910,12.724388210459127
1911,15.023386210333541
1912,11.955590857160448
1913,11.477226012303117
1914,11.112245726683593
1915,9.518660572149454
1916,12.615724354578903
1917,13.738802346339774
1918,7.641901236440006
1919,15.74928410077088
1920,11.834152024396824
1921,10.427069425009616
1922,12.67481383456276
1923,10.435309945110964
1924,13.711320510205354
1925,9.222991265158157
1926,10.220049140303797
1927,6.235838974041407
1928,13.061142743063074
1929,11.92105526869992
1930,13.711325590616822
1931,10.281225748091096
1932,13.421723201539745
1933,11.398928123459227
1934,10.785190542291401
1935,15.646918199974976
1936,12.718509066097297
1937,11.631769416677207
1938,9.153751930546882
1939,10.601942089644348
1940,9.13198812113592
1941,9.302998195164074
1942,14.280491813170894
1943,9.629807823785427
1944,17.60289306233117
1945,11.067997382802577
1946,12.526277903366049
1947,15.98614509448765
1948,16.00229367860377
1949,11.614686226744617
1950,9.741898694747839
1951,11.496309187571855
1952,17.65440743086911
1953,11.876344616997297
1954,12.673668936657743
1955,14.71451108510021
1956,8.62395880415799
1957,8.806787087656028
1958,13.102942232426281
1959,7.959485124821651
1960,12.336132013303065
1961,12.505621906658599
1962,13.64969004948263
1963,12.135545779261053
1964,18.088209067517607
1965,11.97982379015219
1966,12.061357856693116
1967,14.80269661626844
1968,10.96709113190245
1969,10.787094809950668
1970,11.370462706345076
1971,15.939285495934055
1972,12.240584118799221
1973,10.08125426941989
1974,12.23881553759904
1975,16.9544122715117
1976,9.85641014943634
1977,11.02182431368482
1978,10.905168868991952
1979,12.839861338393662
1980,9.949235219320476
1981,11.036676558598376
1982,12.825103611855768
1983,13.589268925482628
1984,7.697021282282896
1985,10.151678063411854
1986,10.431907818788217
1987,11.892558081408229
1988,18.01660817467212
1989,15.265856852812913
1990,9.585693531766381
1991,12.153731824488926
1992,9.500192157020608
1993,16.310960431042133
1994,11.845713913800944
1995,16.241876674358956
1996,16.37980040172088
1997,16.249376879966686
1998,13.135702863508067
1999,13.088118806599214
2000,16.19097191912037
2001,9.033385761426889
2002,10.470836312881692
2003,14.261988977318637
2004,11.204886498916371
2005,10.823885811095556
2006,12.639664301612152
2007,12.132777085485303
2008,11.868790495948648
2009,10.967361110098981
2010,14.557050525011833
2011,9.291889362168865
2012,7.694727630899042
2013,10.667442937552398
2014,11.78865329968583
2015,8.01949906519335
2016,14.168301105272297
2017,18.909853650611936
2018,9.559896513582126
2019,11.51543883562469
2020,12.856087731356157
2021,10.99964863918377
2022,13.335366631158688
2023,12.120106165947062
2024,13.778042039392899
2025,8.435595666621083
2026,16.995575761575605
2027,11.470741867209512
2028,8.279676042845031
2029,18.98925914005743
2030,9.307634746315879
2031,9.45709860204554
2032,11.043823637675496
2033,16.537873205505996
2034,9.384574132046069
2035,9.906676837160944
2036,11.66705023164211
2037,21.627016024721485
2038,9.130019202170383
2039,16.775693684744116
2040,20.84371943853322
2041,11.223254923602022
2042,15.797806570598762
2043,13.051451802227252
2044,11.240697240932992
2045,10.109737938717686
2046,14.26543727020506
2047,8.66912212456929
2048,9.457494079734765
2049,10.580214248422505
2050,11.427751343120272
2051,10.073523196962418
2052,9.314790470167143
2053,17.22511122196972
2054,11.848637535380991
2055,7.717964250463972
2056,14.198431209334974
2057,12.326124135253707
2058,14.65748649224743
2059,11.462671687375128
2060,10.331047534492855
2061,10.244802762430572
2062,18.292910804477533
2063,12.58027203616577
2064,12.461656808766264
2065,14.444851584782937
2066,13.239536638589247
2067,8.808747616398234
2068,15.658242311654083
2069,10.926313843195087
2070,9.669978129185166
2071,14.466901430435199
2072,12.608405167984445
2073,11.199915024728583
2074,13.176703900560168
2075,15.191375038263333
2076,14.635678967255215
2077,19.805954248803754
2078,11.197555441457459
2079,16.9551789914892
2080,13.893431486365028
2081,15.655267333972407
2082,10.393216613112548
2083,11.045897348673856
2084,12.980624172627346
2085,11.653147326005584
2086,11.861821456723856
2087,11.378250298510364
2088,11.607253081779685
2089,13.130178363369362
2090,14.278761103790389
2091,14.752493021281625
2092,11.653127538972129
2093,17.76592597020943
2094,18.914639750688544
2095,12.60689777432121
2096,14.262885466718705
2097,15.019293551052177
2098,15.38611788245144
2099,13.588507000372866
2100,10.416936553305232
2101,9.577910284894653
2102,9.617683406633484
2103,8.289374778195327
2104,11.857875504645818
2105,17.647713232146387
2106,8.535623030918279
2107,11.225971656279262
2108,12.819327601660722
2109,14.375355929611425
2110,11.239749374860406
2111,10.631302444612336
2112,11.376023538805073
2113,14.752493021281625
2114,14.130805165039899
2115,12.960207014703569
